Metric,Value
MAE,6.549356647883181
RMSE,8.910367642481985
R²,0.979191296808841
MSE,79.39465152418995
MAPE,3.0609947256214762
MPE,0.4957161282567875
RMSPE,4.074529621752381
