Metric,Value
MAE,9.591612591062518
RMSE,12.902180854817257
R²,0.9567411213728303
MSE,166.46627081041294
MAPE,4.331889942918522
MPE,0.5799353960149295
RMSPE,5.460427973962137
