Metric,Value
MAE,9.591588278917778
RMSE,12.906511860589903
R²,0.9567120742061932
MSE,166.57804840754784
MAPE,4.330064937659789
MPE,0.5900661544025094
RMSPE,5.459116356628816
