Metric,Value
MAE,10.545283184674643
RMSE,14.86137621729576
R²,0.9426059246151514
MSE,220.860503072004
MAPE,4.676411883000635
MPE,0.5633795239818847
RMSPE,5.96752970663624
