Metric,Value
MAE,9.602674795961967
RMSE,12.915459045110941
R²,0.9566520364036346
MSE,166.809082345938
MAPE,4.337097119965612
MPE,0.5789627539576356
RMSPE,5.46540772396461
